pattern_id,true_signs,estimated_signs,all_match,correct_whenever_active,latest_activation_s,latest_99pct_blend_s,min_abs_eta,min_terminal_blend,max_ratio,peak_u,reason
0,-1-1-1-1-1-1,-1-1-1-1-1-1,1,1,0.321,0.332,0.00791794654797105,0.999591010918622,0.856273035913835,29.7982866071496,none
1,+1-1-1-1-1-1,+1-1-1-1-1-1,1,1,0.027,0.075,0.00790094601072898,0.999404951096281,0.820352874958205,64.3112396412471,none
2,-1+1-1-1-1-1,-1+1-1-1-1-1,1,1,0.332,0.344,0.00793011992537594,0.99970301678954,0.855926266879608,66.2869122844293,none
3,+1+1-1-1-1-1,+1+1-1-1-1-1,1,1,0.026,0.073,0.00791007541766058,0.999509152469635,0.820353552521547,68.2686602161736,none
4,-1-1+1-1-1-1,-1-1+1-1-1-1,1,1,0.32,0.331,0.00787842984007732,0.99910562118132,0.855822871441672,28.2654939711272,none
5,+1-1+1-1-1-1,+1-1+1-1-1-1,1,1,0.027,0.103,0.00789781554363463,0.999366935935169,0.820352975203409,64.240615333788,none
6,-1+1+1-1-1-1,-1+1+1-1-1-1,1,1,0.33,0.342,0.00791487670263973,0.999559965340741,0.855424088280719,66.8264961001627,none
7,+1+1+1-1-1-1,+1+1+1-1-1-1,1,1,0.026,0.094,0.00791058598650482,0.999514686659134,0.8203536260955,68.5293122527318,none
8,-1-1-1+1-1-1,-1-1-1+1-1-1,1,1,0.296,0.31,0.007917653461373,0.999588095553996,0.821495102975252,29.7985491937912,none
9,+1-1-1+1-1-1,+1-1-1+1-1-1,1,1,0.027,0.071,0.00789357117376471,0.99931353371059,0.819999654942151,62.8934879607111,none
10,-1+1-1+1-1-1,-1+1-1+1-1-1,1,1,0.306,0.32,0.00792968208589179,0.999699296207735,0.822322549076646,66.287242065438,none
11,+1+1-1+1-1-1,+1+1-1+1-1-1,1,1,0.027,0.069,0.00790508168094608,0.999453385124333,0.819999654942151,68.0071542064753,none
12,-1-1+1+1-1-1,-1-1+1+1-1-1,1,1,0.295,0.309,0.00787798795506842,0.999099145919798,0.821675149986421,28.2654939711272,none
13,+1-1+1+1-1-1,+1-1+1+1-1-1,1,1,0.027,0.105,0.00789129085926009,0.999283959639058,0.819999654942151,62.9897165252661,none
14,-1+1+1+1-1-1,-1+1+1+1-1-1,1,1,0.305,0.318,0.00791465773951244,0.999557707920954,0.822578512251353,66.82682129483,none
15,+1+1+1+1-1-1,+1+1+1+1-1-1,1,1,0.027,0.095,0.00790594464636257,0.999463234705107,0.819999654942151,68.5277695658447,none
16,-1-1-1-1+1-1,-1-1-1-1+1-1,1,1,0.32,0.33,0.0079150173302038,0.999561412132389,0.856289993350069,29.1289647535062,none
17,+1-1-1-1+1-1,+1-1-1-1+1-1,1,1,0.027,0.075,0.00789963579555023,0.999389182179939,0.820352879715049,64.1190824699258,none
18,-1+1-1-1+1-1,-1+1-1-1+1-1,1,1,0.332,0.344,0.00792526044551783,0.999660434313017,0.855847358873955,39.5929500202663,none
19,+1+1-1-1+1-1,+1+1-1-1+1-1,1,1,0.026,0.073,0.00791065520679003,0.999515434561688,0.820353549698627,68.4850358185539,none
20,-1-1+1-1+1-1,-1-1+1-1+1-1,1,1,0.319,0.329,0.00787241617081234,0.999015519599832,0.855845782601155,28.2654939711272,none
21,+1-1+1-1+1-1,+1-1+1-1+1-1,1,1,0.027,0.104,0.00789351107254038,0.99931276215948,0.820352979658211,64.0610542566038,none
22,-1+1+1-1+1-1,-1+1+1-1+1-1,1,1,0.33,0.342,0.00791651771032468,0.999576701103627,0.855340304293447,39.8594049048175,none
23,+1+1+1-1+1-1,+1+1+1-1+1-1,1,1,0.026,0.094,0.00791119141098005,0.999521208703774,0.820353623929728,68.5420575813996,none
24,-1-1-1+1+1-1,-1-1-1+1+1-1,1,1,0.294,0.308,0.00791469896436586,0.999558133369917,0.82142509593841,29.1292328774974,none
25,+1-1-1+1+1-1,+1-1-1+1+1-1,1,1,0.027,0.072,0.00789195638802956,0.99929265484995,0.819999654942151,62.7762204783275,none
26,-1+1-1+1+1-1,-1+1-1+1+1-1,1,1,0.306,0.321,0.00792475212887653,0.999655816498682,0.822352441060745,39.5931093758257,none
27,+1+1-1+1+1-1,+1+1-1+1+1-1,1,1,0.027,0.069,0.00790568707594363,0.9994603041771,0.819999654942151,65.7899006532536,none
28,-1-1+1+1+1-1,-1-1+1+1+1-1,1,1,0.294,0.307,0.00787192182365725,0.99900792300111,0.821601213567567,28.2654939711272,none
29,+1-1+1+1+1-1,+1-1+1+1+1-1,1,1,0.027,0.106,0.00788645880991521,0.999219253110402,0.819999654942151,62.8672289061708,none
30,-1+1+1+1+1-1,-1+1+1+1+1-1,1,1,0.305,0.319,0.00791628358949449,0.999574333111651,0.822617162236324,39.8595627612842,none
31,+1+1+1+1+1-1,+1+1+1+1+1-1,1,1,0.027,0.095,0.00790657693921969,0.999470395143854,0.819999654942151,65.9083928993596,none
32,-1-1-1-1-1+1,-1-1-1-1-1+1,1,1,0.322,0.332,0.00792406695808449,0.999649543060055,0.856417586327735,45.7357291927337,none
33,+1-1-1-1-1+1,+1-1-1-1-1+1,1,1,0.027,0.075,0.00790086189732141,0.999403944895462,0.820352869488672,64.2591046990145,none
34,-1+1-1-1-1+1,-1+1-1-1-1+1,1,1,0.333,0.344,0.00792715380658153,0.999677362101271,0.856090184193684,66.2102249171143,none
35,+1+1-1-1-1+1,+1+1-1-1-1+1,1,1,0.026,0.073,0.00790995515393955,0.999507844373941,0.820353549507563,68.1951951275611,none
36,-1-1+1-1-1+1,-1-1+1-1-1+1,1,1,0.321,0.331,0.00792777523233951,0.999682824346021,0.856176643446321,70.3513308497781,none
37,+1-1+1-1-1+1,+1-1+1-1-1+1,1,1,0.027,0.075,0.007900694362908,0.999401938268562,0.820352981598581,71.7303720020149,none
38,-1+1+1-1-1+1,-1+1+1-1-1+1,1,1,0.332,0.343,0.00793251195664202,0.999722937058371,0.855825643862759,73.8271754621051,none
39,+1+1+1-1-1+1,+1+1+1-1-1+1,1,1,0.026,0.073,0.00790991455172415,0.999507402358361,0.820353629824855,75.0854205150841,none
40,-1-1-1+1-1+1,-1-1-1+1-1+1,1,1,0.296,0.31,0.00792356040220036,0.999644868864852,0.821429290923156,45.7361374229261,none
41,+1-1-1+1-1+1,+1-1-1+1-1+1,1,1,0.028,0.072,0.00789331197488733,0.999310203174548,0.819999654942151,62.8461814337463,none
42,-1+1-1+1-1+1,-1+1-1+1-1+1,1,1,0.307,0.321,0.00792667796904409,0.99967314825485,0.822231865690969,66.2105552082144,none
43,+1+1-1+1-1+1,+1+1-1+1-1+1,1,1,0.027,0.069,0.00790481925528219,0.999450372298815,0.819999654942151,67.9338010601189,none
44,-1-1+1+1-1+1,-1-1+1+1-1+1,1,1,0.295,0.309,0.00792757281786564,0.999681050236478,0.821557607192753,70.3516556054651,none
45,+1-1+1+1-1+1,+1-1+1+1-1+1,1,1,0.027,0.071,0.00789352776230249,0.999312976457767,0.819999654942151,71.727730032989,none
46,-1+1+1+1-1+1,-1+1+1+1-1+1,1,1,0.306,0.32,0.00793211549875833,0.999719682942731,0.822393749697273,73.8274755447434,none
47,+1+1+1+1-1+1,+1+1+1+1-1+1,1,1,0.027,0.068,0.007905087254861,0.999453449027701,0.819999654942151,75.0826915715942,none
48,-1-1-1-1+1+1,-1-1-1-1+1+1,1,1,0.32,0.331,0.00792704906953087,0.999676436917559,0.856438943621802,45.4184049794663,none
49,+1-1-1-1+1+1,+1-1-1-1+1+1,1,1,0.027,0.075,0.00789955236344712,0.999388171128657,0.820352874274046,64.0621081341792,none
50,-1+1-1-1+1+1,-1+1-1-1+1+1,1,1,0.333,0.344,0.00792189362203765,0.999629271897006,0.856008046473299,51.3343245366151,none
51,+1+1-1-1+1+1,+1+1-1-1+1+1,1,1,0.027,0.073,0.00791052924019998,0.9995140731074,0.820353546624804,68.3443209356918,none
52,-1-1+1-1+1+1,-1-1+1-1+1+1,1,1,0.319,0.33,0.00792536471692141,0.999661377741926,0.856199089316425,70.4772789684365,none
53,+1-1+1-1+1+1,+1-1+1-1+1+1,1,1,0.027,0.075,0.00789936347190756,0.99938587903436,0.820352986023159,71.8467533434969,none
54,-1+1+1-1+1+1,-1+1+1-1+1+1,1,1,0.332,0.343,0.00792794543391324,0.999684312315269,0.855742641395606,73.3250959675433,none
55,+1+1+1-1+1+1,+1+1+1-1+1+1,1,1,0.026,0.073,0.00791051259902305,0.999513893107001,0.820353627724442,74.6081155902507,none
56,-1-1-1+1+1+1,-1-1-1+1+1+1,1,1,0.295,0.309,0.00792680314654238,0.999674259413128,0.821366690094728,45.4188064399223,none
57,+1-1-1+1+1+1,+1-1-1+1+1+1,1,1,0.027,0.072,0.00789169220398484,0.999289209545231,0.819999654942151,62.7299097099032,none
58,-1+1-1+1+1+1,-1+1-1+1+1+1,1,1,0.307,0.321,0.00792133821147876,0.999624000731879,0.822270800835363,51.3347742852544,none
59,+1+1-1+1+1+1,+1+1-1+1+1+1,1,1,0.027,0.069,0.00790541988848915,0.999457255877619,0.819999654942151,65.7385463247612,none
60,-1-1+1+1+1+1,-1-1+1+1+1+1,1,1,0.294,0.308,0.00792514626095585,0.999659399697045,0.821484326710063,70.4776014461271,none
61,+1-1+1+1+1+1,+1-1+1+1+1+1,1,1,0.027,0.071,0.00789189380581445,0.999291839444772,0.819999654942151,71.8441110437922,none
62,-1+1+1+1+1+1,-1+1+1+1+1+1,1,1,0.306,0.32,0.00792748651850085,0.999680292351371,0.822431226610047,73.3254026193975,none
63,+1+1+1+1+1+1,+1+1+1+1+1+1,1,1,0.027,0.068,0.00790571435910894,0.999460614967808,0.819999654942151,74.6053868701178,none
