pattern_id,signs,completed,reason,T_final,rms_e,max_ratio,peak_u,max_s,max_theta,envelope_event,cap_triggered,state_guard,command_guard,ratio_guard,tracking_success,margin_success,accepted,theorem_admissible,runtime_s
0,-1-1-1-1-1-1,1,none,60,0.0364594251603012,0.856209360396818,29.0547824760755,0.935466517668551,0.0581525914182794,0,0,0,0,0,1,1,1,1,72.2059229
1,+1-1-1-1-1-1,1,none,60,0.0350602286493445,0.819999654942151,49.8317402778949,0.935466520612398,0.0713958230137584,0,0,0,0,0,1,1,1,1,72.6100156
2,-1+1-1-1-1-1,1,none,60,0.0364856927469515,0.85592626683205,51.9940055225579,0.93546652411288,0.0658463829044472,0,0,0,0,0,1,1,1,1,73.1867001
3,+1+1-1-1-1-1,1,none,60,0.0350402583074569,0.819999654942151,53.1300861435206,0.935466526858182,0.0756571533045412,0,0,0,0,0,1,1,1,1,71.9909389
4,-1-1+1-1-1-1,1,none,60,0.0362617989905732,0.855697103875553,28.2654939711272,0.935466514726609,0.05802915543844,0,0,0,0,0,1,1,1,1,43.3659194
5,+1-1+1-1-1-1,1,none,60,0.0349619805358741,0.819999654942151,49.4672685484596,0.935466516415023,0.0715020309954726,0,0,0,0,0,1,1,1,1,44.7116386
6,-1+1+1-1-1-1,1,none,60,0.0362690268121534,0.855366177147163,52.2738574979498,0.935466518973119,0.0603350217735769,0,0,0,0,0,1,1,1,1,44.1560488
7,+1+1+1-1-1-1,1,none,60,0.0349303812226409,0.819999654942151,53.3952501416025,0.935466520521548,0.0727287339153929,0,0,0,0,0,1,1,1,1,44.1321755
8,-1-1-1+1-1-1,1,none,60,0.0365295101550693,0.821248786706951,29.0546654570028,0.935466517666919,0.0533922520058922,0,0,0,0,0,1,1,1,1,73.2073849
9,+1-1-1+1-1-1,1,none,60,0.0353665047874582,0.819999654942151,60.5603030858312,0.935466520342206,0.0607155510950466,0,0,0,0,0,1,1,1,1,76.2925082
10,-1+1-1+1-1-1,1,none,60,0.0365478853593818,0.822132531621242,51.9943488493387,0.935466524112546,0.0658207978900056,0,0,0,0,0,1,1,1,1,76.522744
11,+1+1-1+1-1-1,1,none,60,0.0353506128646172,0.819999654942151,60.5982759513829,0.935466526658812,0.0724781587959494,0,0,0,0,0,1,1,1,1,77.6495674
12,-1-1+1+1-1-1,1,none,60,0.0363443045312781,0.821496911083454,28.2654939711272,0.93546651472186,0.0484831401559103,0,0,0,0,0,1,1,1,1,50.0844829
13,+1-1+1+1-1-1,1,none,60,0.0352737719100536,0.819999654942151,60.5881845304021,0.935466516235494,0.0609476051261564,0,0,0,0,0,1,1,1,1,49.018954
14,-1+1+1+1-1-1,1,none,60,0.0363416858865422,0.822431461237424,52.2741973082346,0.935466518971222,0.0602924823674955,0,0,0,0,0,1,1,1,1,47.5124265
15,+1+1+1+1-1-1,1,none,60,0.0352438906868048,0.819999654942151,60.5835471323144,0.935466520400006,0.0634937965862867,0,0,0,0,0,1,1,1,1,47.881931
16,-1-1-1-1+1-1,1,none,60,0.0364557626876366,0.856076943515809,28.3840927858296,0.935466517452035,0.0580840807703888,0,0,0,0,0,1,1,1,1,34.6177566
17,+1-1-1-1+1-1,1,none,60,0.0350655932989964,0.819999654942151,49.7797695557188,0.935466520408351,0.071736896727716,0,0,0,0,0,1,1,1,1,33.8122377
18,-1+1-1-1+1-1,1,none,60,0.036476580693908,0.855847358911121,34.9002376722232,0.935466523956491,0.0659468997886337,0,0,0,0,0,1,1,1,1,35.6987556
19,+1+1-1-1+1-1,1,none,60,0.0350410892947366,0.819999654942151,46.8470575432252,0.935466526714428,0.07590691646633,0,0,0,0,0,1,1,1,1,35.4260486
20,-1-1+1-1+1-1,1,none,60,0.0362600663694494,0.855532495212156,28.2654939711272,0.93546651466416,0.0579590802442621,0,0,0,0,0,1,1,1,1,67.8518818
21,+1-1+1-1+1-1,1,none,60,0.0349684810430554,0.819999654942151,49.4207970352479,0.935466516370554,0.0718462145248621,0,0,0,0,0,1,1,1,1,71.1285349
22,-1+1+1-1+1-1,1,none,60,0.0362586832304769,0.855291743056576,29.8434303375547,0.935466518959427,0.0594393466222976,0,0,0,0,0,1,1,1,1,75.3406392
23,+1+1+1-1+1-1,1,none,60,0.0349306756317147,0.819999654942151,46.5354004865055,0.935466520504794,0.0720266003731646,0,0,0,0,0,1,1,1,1,73.8854431
24,-1-1-1+1+1-1,1,none,60,0.0365274951386668,0.821425095951516,28.3839944265614,0.935466517450108,0.0523646095949455,0,0,0,0,0,1,1,1,1,80.4098153
25,+1-1-1+1+1-1,1,none,60,0.0353715477547987,0.819999654942151,60.4249794404088,0.935466520129746,0.0609355124104546,0,0,0,0,0,1,1,1,1,78.2146584
26,-1+1-1+1+1-1,1,none,60,0.0365405846942773,0.822191312284563,34.8994687503603,0.935466523956157,0.0659216896105882,0,0,0,0,0,1,1,1,1,77.2700541
27,+1+1-1+1+1-1,1,none,60,0.0353518836356415,0.819999654942151,60.6262956283686,0.93546652651388,0.0726795545145021,0,0,0,0,0,1,1,1,1,79.7453292
28,-1-1+1+1+1-1,1,none,60,0.0363444856831038,0.821373940553821,28.2654939711272,0.935466514658828,0.048408660471671,0,0,0,0,0,1,1,1,1,57.3611013
29,+1-1+1+1+1-1,1,none,60,0.0352802883767976,0.819999654942151,60.449456837847,0.935466516181815,0.0611693199077814,0,0,0,0,0,1,1,1,1,57.839717
30,-1+1+1+1+1-1,1,none,60,0.0363329678279951,0.822493745779054,29.8435658140751,0.935466518957626,0.0552662273326889,0,0,0,0,0,1,1,1,1,57.0394394
31,+1+1+1+1+1-1,1,none,60,0.0352445498133402,0.819999654942151,60.6172214237715,0.935466520385261,0.0619014501710213,0,0,0,0,0,1,1,1,1,58.2007419
32,-1-1-1-1-1+1,1,none,60,0.0365165754326092,0.856384792948552,34.5057247169696,0.949181298456653,0.0671116940301166,0,0,0,0,0,1,1,1,1,56.8797104
33,+1-1-1-1-1+1,1,none,60,0.0350883696132224,0.819999654942151,49.8741055943005,0.949351364673071,0.0761023053909601,0,0,0,0,0,1,1,1,1,59.1240234
34,-1+1-1-1-1+1,1,none,60,0.036550487237158,0.856090184153934,51.9188260501351,0.949544965939673,0.0780866181272767,0,0,0,0,0,1,1,1,1,59.3444824
35,+1+1-1-1-1+1,1,none,60,0.0350732363967018,0.819999654942151,53.9651242504734,0.949685912630993,0.0870804106297949,0,0,0,0,0,1,1,1,1,61.2297754
36,-1-1+1-1-1+1,1,none,60,0.03639995749387,0.856071889334589,69.849494918687,0.951543945800418,0.0928630170731352,0,0,0,0,0,1,1,1,1,73.0824016
37,+1-1+1-1-1+1,1,none,60,0.0350285741223759,0.819999654942151,71.1075829837952,0.951594903531317,0.10160378942647,0,0,0,0,0,1,1,1,1,76.4369864
38,-1+1+1-1-1+1,1,none,60,0.0364204085987129,0.855810184090271,72.8360349463381,0.95168775631013,0.10418135310317,0,0,0,0,0,1,1,1,1,76.0133313
39,+1+1+1-1-1+1,1,none,60,0.0350053067411332,0.819999654942151,73.9647361189345,0.951736950913377,0.113063367995227,0,0,0,0,0,1,1,1,1,82.1447965
40,-1-1-1+1-1+1,1,none,60,0.0365828304343482,0.821370315748569,34.5059679474991,0.949181345511178,0.0670873021821308,0,0,0,0,0,1,1,1,1,77.9701768
41,+1-1-1+1-1+1,1,none,60,0.0353932899221657,0.819999654942151,60.5282434696134,0.949350461051077,0.0733976229876612,0,0,0,0,0,1,1,1,1,79.7421222
42,-1+1-1+1-1+1,1,none,60,0.0366094964260117,0.822039205987785,51.9191697309363,0.949545001175708,0.0780710289958911,0,0,0,0,0,1,1,1,1,80.0589472
43,+1+1-1+1-1+1,1,none,60,0.0353829675998264,0.819999654942151,60.579183502921,0.949685308867365,0.0843814118363262,0,0,0,0,0,1,1,1,1,80.3784396
44,-1-1+1+1-1+1,1,none,60,0.0364737504573749,0.821305015138674,69.8498010737434,0.951543951630774,0.092842072568706,0,0,0,0,0,1,1,1,1,65.9915428
45,+1-1+1+1-1+1,1,none,60,0.035335886262034,0.819999654942151,71.1043661157495,0.951594867959428,0.0989775807979771,0,0,0,0,0,1,1,1,1,62.7044581
46,-1+1+1+1-1+1,1,none,60,0.0364853102204384,0.822198543496789,72.836316456921,0.951687767898584,0.104168778964837,0,0,0,0,0,1,1,1,1,63.8489655
47,+1+1+1+1-1+1,1,none,60,0.0353159911628258,0.819999654942151,73.9614151030643,0.951736916034281,0.110436517027359,0,0,0,0,0,1,1,1,1,61.140152
48,-1-1-1-1+1+1,1,none,60,0.0365119233133871,0.856276808281002,33.9665570865392,0.949167856300231,0.066833389458852,0,0,0,0,0,1,1,1,1,55.7888805
49,+1-1-1-1+1+1,1,none,60,0.0350931503515931,0.819999654942151,49.8211458994854,0.949337540565094,0.0757598326287279,0,0,0,0,0,1,1,1,1,56.4353241
50,-1+1-1-1+1+1,1,none,60,0.0365415462810953,0.856007458033896,51.3343243679101,0.949507730300122,0.077426421424403,0,0,0,0,0,1,1,1,1,55.2556416
51,+1+1-1-1+1+1,1,none,60,0.0350742380114103,0.819999654942151,53.5383740437463,0.949651986646993,0.0865251131031535,0,0,0,0,0,1,1,1,1,65.2515784
52,-1-1+1-1+1+1,1,none,60,0.0363970352575558,0.855908063935485,69.9558727691596,0.951548858774185,0.0924018357669546,0,0,0,0,0,1,1,1,1,75.734861
53,+1-1+1-1+1+1,1,none,60,0.0350343326744805,0.819999654942151,71.2034583105958,0.951599562079582,0.101088285094571,0,0,0,0,0,1,1,1,1,80.1019881
54,-1+1+1-1+1+1,1,none,60,0.0364107780561921,0.855732128703015,72.4249592938983,0.951673342542819,0.103736826128707,0,0,0,0,0,1,1,1,1,79.7659662
55,+1+1+1-1+1+1,1,none,60,0.0350059530852396,0.819999654942151,73.5851868130878,0.951722709823639,0.112728301953761,0,0,0,0,0,1,1,1,1,82.5334533
56,-1-1-1+1+1+1,1,none,60,0.0365797346218574,0.821353741623311,33.9668007606445,0.949167901477868,0.0668083818247772,0,0,0,0,0,1,1,1,1,78.5327145
57,+1-1-1+1+1+1,1,none,60,0.0353976476976444,0.819999654942151,60.3934351935533,0.94933662104527,0.0730741777887528,0,0,0,0,0,1,1,1,1,78.7049903
58,-1+1-1+1+1+1,1,none,60,0.036602416182692,0.822097650009323,51.3347737358279,0.949507766820187,0.0774103762204026,0,0,0,0,0,1,1,1,1,77.4066743
59,+1+1-1+1+1+1,1,none,60,0.035384430500155,0.819999654942151,60.605793635183,0.94965135224498,0.0837681367678142,0,0,0,0,0,1,1,1,1,81.2482695
60,-1-1+1+1+1+1,1,none,60,0.0364726175010406,0.82148432634511,69.9561758558385,0.951548864308304,0.0923804663872619,0,0,0,0,0,1,1,1,1,79.6807541
61,+1-1+1+1+1+1,1,none,60,0.0353414286141343,0.819999654942151,71.2002372095547,0.95159952631258,0.0984716003130338,0,0,0,0,0,1,1,1,1,78.6318782
62,-1+1+1+1+1+1,1,none,60,0.0364775172584082,0.822261270632201,72.4252510695842,0.951673356066668,0.103724199528275,0,0,0,0,0,1,1,1,1,78.8505557
63,+1+1+1+1+1+1,1,none,60,0.0353170467327976,0.819999654942151,73.5818582541154,0.951722675153791,0.110065378905663,0,0,0,0,0,1,1,1,1,76.3059038
